Ri,Label,Enclosure,Nr 52.2 Locus,Nr 52.2,Nr 52.4 Locus,Nr 52.4,Nr 52.7 Locus,Nr 52.7,Nr 52.11 Locus,Nr 52.11,Nr 60.2 Locus,Nr 60.2,Nr 60.5 Locus,Nr 60.5,Nr 60.11 Locus,Nr 60.11,Nr 60.34 Locus,Nr 60.34
R37,ARC099,43A_n,302,304,236,262,254,258,390,398,339,339,222,232,435,453,228,234
R38,ARC411,43A_n,304,304,234,236,254,258,392,404,331,333,214,220,411,447,228,228
R39,ARC455,43A_n,284,304,246,262,258,282,386,386,339,349,218,238,411,413,234,234
R40,ARC471,43A_n,300,304,262,268,254,262,394,396,329,343,204,228,419,437,214,240
R41,ARC496,43A_n,304,308,236,262,258,258,386,398,329,339,218,232,421,431,228,234
R42,ARC594,43A_n,278,308,236,262,260,276,386,400,329,333,232,236,429,433,234,246
R44,ARC049,44_e,268,282,244,262,262,262,386,398,331,331,224,228,425,429,220,220
R45,ARC050,44_e,268,282,244,244,262,262,386,396,331,347,212,236,423,423,236,246
R46,ARC089,44_e,308,314,260,262,262,286,386,392,333,339,224,224,433,451,262,264
R47,ARC128,44_e,304,306,250,262,262,266,370,410,333,351,210,220,427,431,220,228
R48,ARC154,44_e,304,306,240,258,270,274,394,394,351,361,224,238,425,439,222,246
R50,ARC170,44_e,300,308,248,262,266,278,368,386,333,357,212,226,433,451,222,222
R51,ARC171,44_e,304,304,248,256,266,270,368,384,349,357,226,226,427,431,228,236
R52,ARC188,44_e,316,318,258,258,242,286,394,408,333,333,220,230,427,447,220,220
R53,ARC189,44_e,300,314,228,250,258,262,368,378,333,337,220,224,431,431,230,246
R54,ARC217,44_e,308,314,246,250,262,266,368,368,333,345,212,224,427,431,212,224
R55,ARC248,44_e,310,316,262,262,254,270,368,386,329,333,208,226,425,433,222,246
R56,ARC249,44_e,290,294,258,260,254,258,366,396,337,341,234,234,421,425,254,268
R57,ARC313,44_e,306,306,246,250,262,262,368,398,337,345,224,224,417,431,230,246
R58,ARC324,44_e,278,306,246,262,262,266,368,368,333,345,212,224,427,431,212,224
R61,ARC341,44_e,268,300,254,258,242,270,392,408,331,357,220,226,419,447,226,226
R62,ARC352,44_e,304,308,244,248,254,286,386,394,335,355,228,236,421,451,220,220
R63,ARC361,44_e,268,268,248,262,254,266,386,394,361,365,212,232,425,431,222,246
R64,ARC362,44_e,302,304,246,260,250,262,396,406,345,355,226,226,417,425,222,246
R66,ARC399,44_e,268,302,244,260,254,262,406,408,341,353,226,246,427,439,220,220
R67,ARC410,44_e,304,308,248,258,278,278,404,412,341,361,224,236,419,429,220,246
R68,ARC412,44_e,268,304,246,250,250,258,378,406,339,347,224,224,405,421,230,230
R69,ARC431,44_e,296,296,246,246,254,278,388,388,333,335,224,226,431,431,222,222
R72,ARC512,44_e,312,320,246,254,250,274,368,402,337,337,222,230,419,429,254,258
R73,ARC544,44_e,308,322,248,258,254,274,386,394,357,361,228,232,421,427,220,246
R74,ARC578,44_e,278,316,250,262,266,278,368,386,347,357,224,228,427,427,234,246
R75,ARC579,44_e,314,314,246,246,244,248,382,400,339,345,210,224,427,427,234,250
R77,ARC581,44_e,308,316,246,260,262,266,368,394,337,345,214,234,427,451,246,246
R78,ARC591,44_e,306,308,240,260,250,270,384,384,351,355,228,232,419,427,222,246
R80,ARC638,44_e,278,278,258,262,264,272,368,388,333,339,224,232,427,433,234,234
R81,ARC663,44_e,268,306,248,258,274,286,396,410,331,361,224,230,427,431,220,222
R82,ARC664,44_e,308,316,254,262,262,266,368,368,321,331,214,224,427,431,220,224
R83,ARC051,44_n,282,316,244,252,262,266,378,398,339,353,218,224,425,433,252,254
R84,ARC052,44_n,312,318,240,244,262,262,392,408,333,351,218,224,431,439,234,234
R85,ARC112,44_n,298,306,248,258,254,266,386,392,339,361,208,212,425,431,246,248
R87,ARC172,44_n,268,308,244,258,258,266,390,392,339,351,214,228,419,435,234,234
R88,ARC173,44_n,292,302,244,262,262,286,374,392,333,345,226,236,423,443,244,254
R89,ARC190,44_n,296,314,250,260,242,286,386,390,313,331,220,224,433,433,210,210
R90,ARC239,44_n,316,324,240,248,250,278,402,404,337,345,226,228,425,429,246,252
R91,ARC311,44_n,292,316,244,248,278,286,374,374,333,345,226,226,423,429,226,244
R93,ARC340,44_n,302,324,244,248,250,286,386,398,333,337,226,234,425,443,244,244
R94,ARC351,44_n,292,302,244,262,262,286,374,392,333,345,226,236,423,441,244,244
R95,ARC363,44_n,302,308,260,260,262,262,392,414,357,361,228,234,427,453,222,222
R97,ARC458,44_n,306,312,242,256,262,262,374,392,333,353,208,210,425,425,222,230
R98,ARC509,44_n,302,310,242,262,242,262,418,424,333,339,234,234,423,433,236,254
R99,ARC510,44_n,308,320,250,258,262,266,378,378,345,357,218,228,425,433,220,254
R102,ARC553,44_n,310,318,240,250,258,274,398,398,333,333,236,238,419,419,224,250
R103,ARC571,44_n,318,326,250,272,250,272,370,394,321,337,234,246,429,429,240,240
R106,ARC665,44_n,302,312,244,260,262,262,390,392,333,357,226,234,427,443,222,254
R107,ARC668,44_n,296,314,252,258,258,262,366,366,333,351,208,214,427,433,230,230
R109,ARC006,44_s,308,318,242,250,254,262,390,396,333,345,222,224,429,429,220,220
R110,ARC025,44_s,284,304,246,262,262,270,388,388,331,333,210,230,429,449,220,230
R111,ARC065,44_s,304,316,230,254,250,270,410,418,333,349,212,224,423,431,240,242
R112,ARC085,44_s,302,314,256,260,258,274,396,398,333,335,224,232,431,431,240,240
R114,ARC151,44_s,296,314,234,260,258,266,386,394,333,337,226,238,423,429,244,284
R115,ARC186,44_s,230,256,230,266,258,274,394,412,335,335,218,224,415,429,246,246
R116,ARC187,44_s,296,314,250,254,246,250,386,386,345,365,214,220,421,433,220,234
R117,ARC206,44_s,300,302,258,266,254,266,368,398,341,343,222,224,425,449,240,240
R118,ARC207,44_s,296,306,254,260,258,266,392,394,343,347,226,238,423,423,220,244
R119,ARC216,44_s,308,318,242,250,254,262,388,394,333,345,222,224,429,439,218,220
R120,ARC247,44_s,316,318,242,258,254,270,388,414,333,343,220,222,429,451,222,260
R121,ARC382,44_s,278,316,248,258,258,274,398,398,351,355,232,238,423,431,246,270
R122,ARC403,44_s,300,300,244,254,258,258,388,396,355,363,222,222,431,431,258,260
R123,ARC460,44_s,304,310,230,260,258,274,398,404,345,349,216,224,421,427,220,240
R124,ARC531,44_s,300,316,258,258,258,258,396,402,337,339,232,234,421,433,228,270
R125,ARC537,44_s,302,314,234,260,234,246,372,396,333,335,224,234,431,449,218,220
R126,ARC577,44_s,268,316,230,260,230,268,386,402,349,357,214,222,423,429,234,240
R127,ARC618,44_s,296,316,264,266,274,274,410,410,333,343,210,234,431,433,240,270
R128,ARC640,44_s,284,306,246,254,258,262,388,392,333,333,230,238,423,429,220,220
R130,ARC359,46_e,310,320,244,256,250,270,400,410,333,337,222,236,429,431,256,258
R132,ARC503,46_e,304,312,230,230,258,274,386,396,327,337,220,226,419,427,216,222
R133,ARC511,46_e,268,300,248,250,250,262,390,392,337,337,208,208,431,451,254,254
R134,ARC517,46_e,304,320,260,262,258,276,408,408,333,343,218,242,429,449,220,222
R135,ARC518,46_e,308,310,246,260,254,258,386,396,335,347,222,230,429,429,264,266
R136,ARC090,46_n,278,308,256,262,254,282,394,406,333,339,224,230,433,451,220,224
R137,ARC097,46_n,288,314,248,264,262,278,388,404,343,345,208,230,427,431,228,236
R138,ARC169,46_n,268,296,234,238,258,266,350,382,333,353,224,238,425,425,222,222
R139,ARC185,46_n,300,314,248,258,246,254,392,398,343,349,206,238,427,451,268,268
R140,ARC221,46_n,300,300,248,260,246,270,408,408,343,347,226,232,425,443,290,292
R142,ARC508,46_n,290,304,262,270,262,262,396,398,343,345,208,224,429,433,220,254
R145,ARC060,48B_e,288,300,250,264,258,266,390,390,333,337,220,226,427,427,222,226
R146,ARC068,48B_e,278,296,250,260,254,258,380,416,331,331,220,226,429,429,244,244
R148,ARC184,48B_e,248,250,248,248,262,266,384,396,335,341,218,232,419,429,226,244
R151,ARC443,48B_e,256,256,260,262,262,270,396,396,329,333,210,226,427,441,222,222
R152,ARC461,48B_e,258,296,242,252,274,278,382,386,331,333,226,232,419,431,252,252
R154,ARC036,48B_s,270,308,236,270,242,258,390,394,333,351,242,244,427,429,250,252
R155,ARC037,48B_s,270,304,234,236,246,262,372,392,333,347,220,226,429,433,234,234
R158,ARC142,48B_s,304,314,258,270,258,258,394,394,331,333,218,226,425,433,228,234
R159,ARC414,48B_s,304,306,236,262,258,258,390,392,333,333,220,238,427,431,258,264
R160,ARC415,48B_s,272,306,236,268,258,258,390,392,333,353,238,238,427,431,252,252
R161,ARC504,48B_s,290,324,230,254,260,264,372,392,333,347,220,226,429,431,214,222
R162,ARC513,48B_s,274,274,250,262,270,278,394,404,333,333,208,232,419,429,252,254
R163,ARC568,48B_s,304,312,256,270,250,250,386,388,333,337,226,226,423,429,268,270
R164,ARC005,54B_e,308,310,246,256,252,270,388,388,333,333,224,224,429,429,220,240
R165,ARC035,54B_e,304,310,252,258,242,246,368,368,333,337,224,232,431,431,250,252
R167,ARC063,54B_e,310,310,258,258,242,242,368,392,333,333,208,236,429,429,236,254
R168,ARC069,54B_e,306,310,252,256,246,262,368,368,333,337,224,224,429,433,220,224
R170,ARC108,54B_e,302,310,230,260,254,258,384,386,333,335,210,224,419,427,218,220
R171,ARC144,54B_e,310,312,258,260,254,286,368,368,333,333,224,224,429,441,222,224
R172,ARC145,54B_e,308,310,242,252,246,262,384,388,331,333,226,230,425,439,220,254
R173,ARC203,54B_e,272,312,242,246,254,266,384,384,333,355,206,212,431,453,254,256
R174,ARC235,54B_e,298,308,242,242,258,278,400,402,335,335,210,224,427,439,218,218
R176,ARC308,54B_e,310,312,256,256,262,286,368,368,333,337,222,224,427,427,222,222
R180,ARC402,54B_e,304,318,244,250,274,286,368,394,353,353,208,222,419,431,218,218
R181,ARC421,54B_e,304,304,252,258,258,274,368,386,349,355,224,224,429,437,254,254
R182,ARC423,54B_e,278,308,246,256,262,270,368,382,335,335,208,236,427,429,222,222
R184,ARC564,54B_e,310,312,256,260,262,286,312,312,333,337,220,224,429,429,222,222
R187,ARC626,54B_e,298,300,244,248,242,266,396,398,331,347,224,224,429,437,222,222
R188,ARC627,54B_e,272,296,246,260,270,278,326,376,333,357,224,230,431,445,258,260
R189,ARC628,54B_e,272,308,242,260,270,278,368,368,333,357,214,224,431,445,222,222
R190,ARC643,54B_e,272,296,244,262,270,274,368,368,335,347,224,238,419,433,258,260
R191,ARC644,54B_e,308,312,246,260,270,286,370,370,343,357,236,236,445,453,222,222
R193,ARC095,54B_w,300,306,242,266,262,262,368,394,329,337,228,228,431,439,220,228
R194,ARC143,54B_w,310,312,230,230,270,278,368,394,329,335,208,208,423,439,202,208
R197,ARC404,54B_w,310,316,230,262,242,262,400,416,333,345,208,234,425,449,242,242
R199,ARC424,54B_w,298,302,230,248,270,278,370,370,333,341,224,224,427,427,222,222
R201,ARC558,54B_w,322,324,230,246,246,262,356,358,333,333,228,228,419,439,218,218
R203,ARC024,56B_n,298,314,248,248,262,270,410,410,331,333,216,238,419,431,220,244
R204,ARC096,56B_n,300,312,246,260,250,282,392,392,333,333,220,232,425,443,234,244
R205,ARC146,56B_n,290,300,258,258,260,260,390,402,337,341,210,234,427,437,250,258
R206,ARC147,56B_n,272,280,236,238,246,262,392,404,335,335,210,224,419,449,222,222
R207,ARC148,56B_n,298,312,250,256,246,270,394,408,329,335,220,236,419,431,230,230
R208,ARC183,56B_n,246,260,246,260,250,266,390,392,333,335,222,230,431,447,220,220
R209,ARC321,56B_n,300,322,238,258,250,274,390,390,321,333,232,248,425,447,234,234
R210,ARC322,56B_n,312,316,250,262,242,270,390,408,329,337,238,240,431,449,242,242
R211,ARC376,56B_n,304,310,230,242,246,274,384,402,347,359,226,246,417,417,244,244
R213,ARC392,56B_n,302,310,246,258,262,270,398,398,351,357,224,230,443,443,224,224
R215,ARC596,56B_n,304,306,254,256,266,270,394,394,335,345,222,226,433,451,232,232
R216,ARC007,56B_s,304,310,230,244,254,258,392,392,333,341,236,236,431,437,222,222
R218,ARC071,56B_s,300,310,230,246,254,270,392,392,333,341,232,236,437,449,222,228
R220,ARC149,56B_s,304,312,242,244,258,258,398,400,333,333,224,236,431,443,266,266
R221,ARC182,56B_s,238,260,238,260,262,270,392,404,329,329,210,226,415,429,264,264
R222,ARC205,56B_s,230,244,230,244,254,258,392,406,333,333,224,236,437,443,228,272
R223,ARC236,56B_s,302,316,242,260,246,270,366,404,329,353,224,224,429,443,226,240
R225,ARC597,56B_s,300,306,254,258,254,270,392,392,331,333,210,216,437,443,224,226
R226,ARC020,58E_e,312,316,230,252,254,266,402,404,333,339,222,226,419,427,230,230
R227,ARC021,58E_e,304,318,260,262,262,270,402,402,331,331,202,238,421,429,240,258
R228,ARC022,58E_e,304,312,252,268,274,274,378,378,331,339,202,226,427,437,230,230
R229,ARC083,58E_e,282,304,248,262,254,274,396,402,339,355,204,246,431,437,240,258
R230,ARC124,58E_e,300,308,246,252,266,266,402,404,331,337,222,224,433,441,240,240
R231,ARC150,58E_e,284,286,230,258,240,282,390,398,325,333,220,224,427,427,290,292
R232,ARC180,58E_e,310,312,252,252,274,278,406,418,333,333,220,242,427,427,220,244
R233,ARC201,58E_e,286,308,252,262,254,266,384,384,331,331,224,224,431,433,236,248
R235,ARC303,58E_e,282,312,258,264,254,266,402,418,333,355,220,246,419,427,244,258
R236,ARC320,58E_e,286,300,246,252,262,266,394,402,331,335,210,214,427,435,222,222
R239,ARC533,58E_e,286,304,256,260,262,282,386,396,355,363,202,224,421,427,240,240
R240,ARC569,58E_e,290,300,252,258,250,272,416,418,333,337,204,228,423,429,222,222
R241,ARC598,58E_e,300,304,252,260,266,274,370,370,333,333,224,246,431,441,258,266
R242,ARC018,58E_n,312,314,236,238,254,278,398,400,327,333,226,226,419,449,238,256
R243,ARC019,58E_n,298,316,236,262,274,274,394,396,333,339,222,222,439,447,256,258
R244,ARC038,58E_n,290,334,230,262,266,266,398,400,339,347,222,238,423,437,222,232
R246,ARC047,58E_n,296,304,236,236,242,262,388,388,327,333,218,224,427,439,246,256
R247,ARC048,58E_n,312,316,230,256,266,274,396,398,333,343,226,230,419,429,252,258
R248,ARC094,58E_n,304,322,230,250,254,270,384,384,333,345,224,226,423,431,220,226
R249,ARC164,58E_n,298,312,236,244,240,258,392,392,327,333,224,224,437,437,226,226
R250,ARC165,58E_n,272,314,234,244,250,258,394,394,333,341,224,228,427,439,222,228
R251,ARC181,58E_n,296,308,230,262,250,274,404,404,327,333,228,236,425,425,258,258
R252,ARC215,58E_n,308,312,246,264,250,266,420,426,335,343,222,226,419,425,254,266
R253,ARC237,58E_n,304,318,230,248,254,266,378,400,327,327,228,236,427,435,252,252
R254,ARC238,58E_n,298,312,244,256,258,274,398,400,335,343,222,228,421,447,262,262
R255,ARC333,58E_n,298,306,260,262,266,274,402,404,333,345,228,234,425,425,256,258
R256,ARC334,58E_n,290,312,230,248,274,286,402,410,333,343,236,248,419,427,234,258
R257,ARC366,58E_n,288,308,256,264,250,250,400,400,327,335,216,222,419,429,244,244
R258,ARC367,58E_n,284,308,256,264,250,262,402,402,333,343,208,208,425,431,258,258
R260,ARC416,58E_n,282,284,222,254,254,274,396,398,337,337,226,234,427,435,252,252
R261,ARC436,58E_n,308,312,228,256,242,262,388,394,331,333,230,236,435,435,228,228
R262,ARC473,58E_n,246,256,248,252,258,276,394,396,327,337,208,234,429,431,238,238
R263,ARC492,58E_n,308,312,246,264,250,266,396,396,335,335,222,226,419,425,256,258
R265,ARC520,58E_n,290,312,230,262,266,286,408,408,329,339,208,236,427,427,222,234
R266,ARC532,58E_n,290,306,254,262,270,290,390,392,331,333,222,228,419,443,256,258
R267,ARC586,58E_n,272,314,258,262,250,278,394,394,333,333,228,228,419,439,228,238
R268,ARC619,58E_n,296,316,244,264,250,254,406,416,331,333,228,236,425,429,258,260
R269,ARC023,58E_w,304,324,252,268,246,274,378,378,329,335,222,222,427,437,220,228
R271,ARC123,58E_w,324,326,230,230,242,274,386,406,327,339,224,246,429,447,254,256
R273,ARC435,58E_w,296,310,256,264,258,282,388,394,327,339,222,246,439,447,234,234
R274,ARC489,58E_w,312,316,250,256,242,262,392,392,331,353,216,224,427,439,242,252
R275,ARC519,58E_w,306,308,256,260,262,274,386,388,333,335,204,204,429,449,234,234
R276,ARC548,58E_w,286,324,248,262,258,258,388,394,333,349,210,222,421,429,242,248
R277,ARC009,59_e,292,314,248,260,258,278,408,412,333,339,210,210,427,439,226,234
R279,ARC040,59_e,294,318,244,248,266,274,394,400,331,339,220,232,431,441,220,234
R280,ARC086,59_e,294,318,244,248,266,274,394,398,331,335,220,232,431,441,220,234
R281,ARC177,59_e,286,304,248,258,266,270,396,400,303,311,224,228,433,433,220,220
R283,ARC534,59_e,290,318,242,262,262,282,386,396,331,335,236,236,419,425,254,256
R284,ARC010,59_n,290,318,244,248,262,274,384,384,341,343,230,232,431,447,254,256
R285,ARC027,59_n,274,308,248,262,242,266,398,400,335,343,214,224,427,449,292,294
R286,ARC066,59_n,290,300,234,238,270,274,398,400,333,335,242,242,429,449,220,242
R287,ARC076,59_n,290,296,230,230,278,278,382,406,321,335,202,206,429,435,248,260
R289,ARC130,59_n,290,300,244,262,258,266,382,404,331,339,236,240,435,439,224,232
R290,ARC160,59_n,294,310,230,250,240,282,396,404,331,335,230,244,419,419,220,228
R291,ARC191,59_n,316,318,248,256,242,274,384,410,331,365,214,240,429,449,254,256
R293,ARC193,59_n,304,318,258,264,242,278,406,406,331,331,218,220,433,447,246,246
R294,ARC208,59_n,290,318,244,248,262,274,384,410,341,351,232,232,429,447,250,264
R295,ARC304,59_n,316,318,244,264,242,262,384,408,325,333,212,214,447,447,226,240
R296,ARC305,59_n,300,316,248,258,242,278,400,400,335,339,238,240,421,441,220,242
R297,ARC306,59_n,298,300,230,258,242,290,384,390,333,349,210,242,439,449,236,236
R299,ARC355,59_n,286,290,244,264,242,274,384,384,331,341,220,230,429,429,254,256
R300,ARC369,59_n,286,318,248,248,242,274,382,406,331,343,220,230,429,429,224,226
R301,ARC426,59_n,298,300,248,262,242,266,388,388,331,343,228,240,419,437,222,250
R303,ARC607,59_n,278,278,230,244,246,278,402,402,331,339,214,230,419,431,220,220
R304,ARC001,59_s,302,306,248,262,254,258,392,398,327,347,204,210,435,437,220,220
R305,ARC003,59_s,312,316,236,250,242,254,400,402,331,335,224,226,437,439,244,254
R306,ARC004,59_s,316,318,230,254,250,262,392,402,327,355,220,234,431,439,222,222
R307,ARC015,59_s,286,304,236,248,242,242,394,404,331,335,220,224,437,449,218,222
R308,ARC016,59_s,304,328,248,260,274,292,376,394,331,339,238,246,427,429,220,244
R309,ARC033,59_s,290,318,242,254,246,270,406,410,325,325,210,236,429,445,250,262
R310,ARC041,59_s,302,314,248,252,254,278,390,408,343,347,210,238,419,429,220,220
R311,ARC100,59_s,300,302,230,248,254,254,374,398,321,329,204,212,437,449,246,246
R312,ARC113,59_s,286,290,242,242,262,270,392,398,329,349,220,220,441,447,256,258
R313,ARC114,59_s,304,314,252,270,278,290,392,418,327,335,214,218,425,449,254,256
R314,ARC175,59_s,284,316,230,248,282,282,390,406,335,351,212,240,427,437,244,244
R315,ARC176,59_s,290,304,230,262,242,274,394,398,331,347,204,222,423,437,228,228
R316,ARC209,59_s,302,308,248,262,254,258,392,398,327,347,204,210,433,433,218,220
R317,ARC227,59_s,304,326,248,252,254,254,398,410,327,341,212,224,417,427,212,224
R318,ARC265,59_s,262,270,248,264,262,266,382,382,341,351,218,224,423,427,246,252
R320,ARC653,59_s,316,316,236,248,246,282,390,390,331,335,212,224,427,437,218,224
R321,ARC055,60D_e,308,318,248,256,266,282,398,398,331,337,210,234,435,449,254,254
R323,ARC091,60D_e,300,300,254,256,242,278,396,406,333,363,224,228,425,437,220,228
R324,ARC119,60D_e,304,310,236,236,238,266,378,390,341,343,210,220,419,427,220,232
R325,ARC135,60D_e,300,310,250,258,236,274,388,396,327,335,204,228,425,425,220,244
R326,ARC158,60D_e,296,298,230,236,240,278,394,404,333,343,228,248,425,435,220,240
R327,ARC196,60D_e,300,310,210,210,274,278,388,394,335,339,204,228,419,427,236,258
R328,ARC218,60D_e,308,310,242,248,266,266,376,390,363,363,230,246,419,441,244,244
R331,ARC316,60D_e,308,320,248,256,262,282,390,398,327,337,210,210,427,437,286,288
R332,ARC328,60D_e,290,320,238,260,250,286,398,398,333,347,204,250,433,433,242,244
R333,ARC380,60D_e,302,312,242,256,262,266,390,402,347,357,220,220,421,437,286,288
R334,ARC439,60D_e,284,302,236,254,250,278,396,400,327,333,224,234,427,437,222,294
R335,ARC501,60D_e,300,304,254,256,246,286,390,390,335,337,220,240,413,417,214,218
R336,ARC652,60D_e,284,284,230,250,262,282,388,388,339,339,212,212,445,449,258,260
R337,ARC011,60D_n,278,300,252,260,246,246,390,390,329,333,208,226,419,437,244,244
R338,ARC012,60D_n,300,304,238,252,258,286,352,366,341,353,226,236,427,431,226,232
R339,ARC044,60D_n,302,320,230,256,250,262,398,400,337,349,220,226,427,441,256,260
R340,ARC054,60D_n,290,306,230,252,270,274,390,392,337,349,210,220,421,427,222,236
R342,ARC136,60D_n,300,302,230,238,258,282,394,396,335,347,208,212,425,431,236,244
R344,ARC425,60D_n,298,298,230,230,250,262,394,400,343,343,210,210,437,437,222,222
R346,ARC500,60D_n,304,312,250,250,262,262,396,398,333,337,234,252,419,427,222,292
R349,ARC013,60D_s,290,300,230,250,246,274,352,366,327,331,210,230,425,435,222,222
R350,ARC031,60D_s,300,300,250,264,246,262,402,404,333,335,234,238,425,439,288,290
R353,ARC159,60D_s,280,282,218,236,254,262,382,410,335,343,210,210,431,431,252,264
R354,ARC213,60D_s,290,300,230,250,246,274,406,406,327,331,210,230,425,433,220,222
R355,ARC219,60D_s,308,314,246,260,262,262,392,400,327,327,210,228,419,445,222,222
R356,ARC232,60D_s,300,306,244,254,254,278,388,390,331,335,210,224,437,439,216,220
R359,ARC396,60D_s,288,308,238,264,250,254,360,388,353,355,224,228,427,431,222,222
R360,ARC417,60D_s,298,306,230,238,254,262,392,394,333,345,224,224,419,441,254,274
R361,ARC418,60D_s,286,302,230,250,258,278,362,388,325,333,212,224,415,431,254,262
R362,ARC437,60D_s,304,308,252,252,246,278,318,412,341,343,220,244,425,445,222,222
R364,ARC494,60D_s,286,300,238,260,254,270,392,392,331,359,236,238,425,437,254,290
R365,ARC552,60D_s,300,302,230,266,246,274,388,392,331,331,204,228,421,429,248,252
R366,ARC002,61A_e,290,312,230,256,254,282,374,390,331,333,234,246,429,431,254,254
R370,ARC242,61A_e,290,312,230,254,254,282,374,386,331,341,234,246,429,435,234,254
R372,ARC336,61A_e,290,290,242,256,254,282,374,384,331,341,224,224,427,427,236,256
R374,ARC395,61A_e,292,312,232,246,254,282,374,384,351,353,246,246,427,429,254,256
R377,ARC028,61A_n,290,334,230,258,238,286,396,400,343,355,226,234,429,449,224,224
R379,ARC067,61A_n,290,310,250,264,266,274,402,418,331,335,214,220,427,427,220,224
R380,ARC131,61A_n,308,320,244,250,270,278,376,388,335,337,210,240,419,419,210,260
R382,ARC319,61A_n,290,290,242,250,266,266,400,418,335,353,214,230,429,429,220,220
R383,ARC329,61A_n,290,306,248,256,242,282,416,418,327,349,204,236,417,437,254,260
R384,ARC335,61A_n,306,312,248,250,266,266,402,418,335,355,220,222,427,437,236,236
R385,ARC344,61A_n,284,286,248,250,266,282,382,418,331,355,220,236,427,437,216,220
R386,ARC357,61A_n,310,312,244,258,254,266,386,404,331,333,224,228,427,439,246,246
R387,ARC468,61A_n,304,312,230,262,266,274,390,398,333,333,210,220,425,427,246,256
R389,ARC507,61A_n,306,308,230,248,240,282,384,420,333,335,204,236,427,439,254,260
R393,ARC026,61A_s,300,320,242,252,262,262,386,386,335,343,224,226,427,437,246,260
R394,ARC056,61A_s,292,314,252,256,266,274,398,398,343,349,220,226,407,421,252,254
R395,ARC093,61A_s,310,320,252,258,262,274,386,392,333,337,226,242,423,437,218,218
R396,ARC102,61A_s,298,310,252,258,250,258,392,398,331,333,210,228,419,429,224,224
R397,ARC103,61A_s,308,310,250,256,258,274,390,392,333,335,220,234,423,431,220,240
R398,ARC162,61A_s,292,318,252,252,254,262,394,398,319,329,204,226,419,439,220,238
R399,ARC163,61A_s,286,310,252,260,270,274,386,386,333,339,212,246,419,435,220,234
R401,ARC230,61A_s,298,310,242,258,242,262,392,404,327,335,224,226,419,435,224,226
R402,ARC400,61A_s,306,314,256,260,242,274,386,396,353,353,246,246,427,437,252,254
R403,ARC470,61A_s,272,300,250,256,278,278,394,396,339,363,204,228,419,437,258,260
R406,ARC610,61A_s,314,318,252,252,242,242,386,394,333,345,242,242,419,429,220,220
R407,ARC077,61B_e,288,288,230,252,246,286,390,390,331,335,204,212,423,435,220,220
R409,ARC463,61B_e,288,288,250,266,262,266,408,408,331,333,232,250,443,447,234,264
R410,ARC465,61B_e,288,290,250,250,266,286,390,392,337,347,248,248,445,445,222,240
R411,ARC521,61B_e,288,316,242,266,242,246,324,394,331,331,250,250,431,441,222,234
R414,ARC733,61B_e,288,314,254,260,266,286,392,404,325,335,212,212,419,435,220,220
R415,ARC029,61B_n,308,312,230,242,274,278,386,400,325,349,226,226,427,449,218,218
R416,ARC043,61B_n,286,312,246,256,246,274,400,408,327,333,210,224,425,431,222,222
R417,ARC078,61B_n,290,312,230,252,274,274,392,404,327,333,214,220,419,419,214,220
R418,ARC079,61B_n,290,306,230,260,242,254,380,386,329,331,220,228,429,439,236,244
R419,ARC092,61B_n,290,306,230,250,258,266,384,394,327,333,220,222,423,423,216,216
R420,ARC104,61B_n,290,304,230,242,250,274,382,386,335,365,218,220,439,449,270,272
R421,ARC115,61B_n,310,312,256,258,254,274,390,392,333,343,214,220,419,437,214,220
R422,ARC116,61B_n,288,290,224,230,266,274,390,400,325,339,224,230,423,437,220,220
R423,ARC132,61B_n,304,310,242,258,242,266,390,390,327,349,214,220,419,421,222,222
R424,ARC133,61B_n,308,310,224,230,262,278,394,394,335,335,220,246,421,427,220,248
R425,ARC134,61B_n,308,310,246,248,262,278,392,400,335,335,220,226,427,431,262,264
R426,ARC179,61B_n,290,294,250,260,246,274,386,400,327,339,210,220,419,419,222,222
R427,ARC195,61B_n,286,310,258,258,246,274,380,392,331,349,220,226,423,439,236,236
R428,ARC212,61B_n,242,242,242,242,266,270,418,422,319,331,220,228,427,443,218,220
R430,ARC374,61B_n,308,314,244,258,242,282,398,408,331,337,212,220,421,443,242,254
R431,ARC506,61B_n,308,322,230,254,246,274,386,396,327,349,210,220,427,431,222,224
R432,ARC536,61B_n,280,314,246,258,246,256,392,392,333,335,202,202,421,437,266,270
R433,ARC588,61B_n,290,312,248,260,264,276,384,392,333,333,222,228,419,419,228,228
R434,ARC631,61B_n,300,302,248,248,250,266,354,356,333,343,214,220,419,421,222,222
R435,ARC675,61B_n,286,310,230,246,254,258,380,384,329,329,208,220,417,431,262,266
R436,ARC014,61B_s,316,320,236,256,258,266,396,396,331,349,224,242,419,437,264,266
R438,ARC080,61B_s,298,300,230,250,246,262,392,392,333,341,234,234,437,437,238,240
R440,ARC082,61B_s,290,314,244,250,266,270,394,396,333,335,220,224,427,435,220,220
R441,ARC117,61B_s,312,322,230,248,238,254,360,392,333,337,224,234,425,441,220,226
R442,ARC118,61B_s,276,276,236,254,254,268,394,402,333,335,220,234,435,435,220,244
R443,ARC137,61B_s,302,306,230,230,254,266,394,394,331,333,224,224,437,439,264,266
R444,ARC138,61B_s,306,308,230,248,254,258,390,390,333,341,220,224,437,437,222,234
R446,ARC233,61B_s,304,308,248,264,276,278,390,392,341,341,226,226,435,435,258,258
R448,ARC301,61B_s,310,312,230,230,254,266,388,388,333,337,220,224,425,433,220,224
R450,ARC349,61B_s,322,324,230,236,238,278,390,394,333,333,220,224,425,433,264,272
R451,ARC364,61B_s,302,316,236,252,246,266,406,406,333,349,220,222,419,425,236,236
R452,ARC387,61B_s,312,314,242,258,254,254,378,406,355,355,206,210,427,437,258,258
R453,ARC388,61B_s,314,324,236,248,238,266,386,398,353,355,214,224,435,441,244,244
R454,ARC429,61B_s,318,320,230,248,238,278,392,392,333,337,234,248,415,425,222,222
R455,ARC430,61B_s,290,320,234,248,254,254,378,392,333,359,220,226,433,441,280,280
R456,ARC523,61B_s,300,324,230,230,234,242,390,390,333,335,224,234,425,437,254,254
R457,ARC524,61B_s,314,320,242,260,254,254,378,378,335,351,220,224,433,437,276,282
R458,ARC557,61B_s,322,324,230,248,230,242,390,402,333,347,248,248,437,441,246,250
R462,ARC705,61B_s,300,312,230,230,238,262,394,398,337,337,234,234,435,439,240,240
